"id","VillagCode","VillagEng","VillagName"
"1","39","Daxin Vil.","大新里"
"2","40","Dong'an Vil.","東安里"
"3","41","Xinqun Vil.","新群里"
"4","42","Luozhuang Vil.","羅莊里"
"5","43","Nanchang Vil.","南昌里"
"6","44","Nanhao Vil.","南豪里"
"7","45","Chenggong Vil.","成功/里"
"8","46","Rende Vil.","仁德里"
"9","47","Hanmin Vil.","漢民里"
"10","48","Xi'an Vil.","西安里"
"11","49","Beicheng Vil.","北成里"
"12","50","Xianwen Vil.","賢文里"
"13","51","Gongzheng Vil.","公正里"
"14","52","Jixiang Vil.","集祥里"
"15","53","Xinyi Vil.","信義里"
"16","54","Zhulin Vil.","竹林里"
"17","55","Ren'ai Vil.","仁愛里"
"18","56","Shulin Vil.","樹林里"
"19","57","Guohua Vil.","國華里"
"20","58","Weiyang  Vil.","維揚里"
"21","59","Kaiming Vil.","開明里"
"22","60","Zhongshan Vil.","中山里"
"23","61","Renhe Vil.","仁和里"
